numero,nombre,empleo,jefe,fechaEntrada,sueldo,complemento,numeroDepartamento
7369,Smith,Ordenanza,7902,2000-12-17,800,NULL,20
7499,Allen,Vendedor,7698,2001-02-20,1600,300,30
7521,Ward,Vendedor,7698,2001-02-22,1250,500,30
7566,Jones,Directivo,7839,2001-04-02,2975,NULL,20
7654,Martin,Vendedor,7698,2001-09-28,1250,1400,30
7698,Blake,Directivo,7839,2001-05-01,2850,NULL,30
7782,Clark,Directivo,7839,2001-06-09,2450,NULL,10
7844,Turner,Vendedor,7698,2001-09-08,1500,0,30
7876,Adams,Ordenanza,7788,2003-01-12,1100,NULL,20
7900,James,Ordenanza,7698,2001-12-03,950,NULL,30
7934,Miller,Ordenanza,7782,2002-01-23,1300,NULL,10
